length,duration,pytorch_memory,cupy_memory,cpu_memory,order,dyadic_order,signature_kernel
3,0.2850019931793213,8.12841796875,0.0,129.0,,0,1.00414405391308
5,0.0006985664367675781,8.12841796875,0.0,0.0,,0,1.0013888793967323
9,0.0006017684936523438,8.12890625,0.0,0.0,,0,1.0017342937880793
17,0.0005371570587158203,8.134765625,0.0,0.0,,0,1.001829827794203
33,0.0007543563842773438,8.15869140625,0.0,0.0,,0,1.0007078509228493
65,0.0007016658782958984,8.25341796875,0.0,0.0,,0,1.0037901863811356
129,0.0008399486541748047,8.63037109375,0.0,0.0,,0,1.0061781844440234
257,0.0016579627990722656,10.13427734375,0.0,0.0,,0,1.0001208798154124
513,0.002560853958129883,16.14208984375,0.0,0.0,,0,1.0000459233161136
