length,duration,pytorch_memory,cupy_memory,cpu_memory,order,dyadic_order,signature_kernel
3,0.2842717170715332,8.12841796875,0.0,129.0,,0,1.0372463328660873
5,0.0006825923919677734,8.12841796875,0.0,0.0,,0,1.001069195315898
9,0.0005755424499511719,8.12890625,0.0,0.0,,0,1.0054730230999205
17,0.0005083084106445312,8.134765625,0.0,0.0,,0,1.0071757585802272
33,0.0007486343383789062,8.1591796875,0.0,0.0,,0,1.029206781097191
65,0.0007169246673583984,8.25390625,0.0,0.0,,0,1.0005201739181293
129,0.0009446144104003906,8.63134765625,0.0,0.0,,0,1.0010646853623404
257,0.0016086101531982422,10.13623046875,0.0,0.0,,0,1.0009404910761817
513,0.0027697086334228516,16.14599609375,0.0,0.0,,0,1.000684962999228
